name,phone,email
Shad Tran,(853) 623-9558,pharetra.quisque@protonmail.net
Jordan Conner,(231) 384-5681,quam@icloud.net
Sydnee Hansen,(586) 227-9537,vivamus.molestie.dapibus@aol.org
Denton Keith,(598) 753-5771,nulla@outlook.ca
Holly Daugherty,1-771-676-8822,nec@icloud.org
Ava Pate,(292) 828-8889,hymenaeos.mauris@aol.ca
Macaulay Wilson,(430) 232-2469,ante.iaculis@yahoo.com
Samantha Taylor,1-208-322-5123,dolor.dapibus.gravida@yahoo.com
Christopher Kent,1-289-734-4117,augue.scelerisque@yahoo.org
Ivana Miller,1-423-558-8964,eleifend.nunc@icloud.edu